<?xml version="1.0" encoding="utf-8"?>
<ObjDef xmlns="http://www.sonicretro.org" Name="Waterfall" Image="img1">
  <Images>
    <ImageFromMappings id="img1">
      <ArtFile filename="../art/nemesis/Waterfall tiles.nem" />
      <MapFile type="ASM" filename="../mappings/sprite/obj49.asm" frame="1" startpal="1" />
    </ImageFromMappings>
    <ImageFromMappings id="img2">
      <ArtFile filename="../art/nemesis/Waterfall tiles.nem" />
      <MapFile type="ASM" filename="../mappings/sprite/obj49.asm" frame="3" startpal="1" />
    </ImageFromMappings>
    <ImageFromMappings id="img3">
      <ArtFile filename="../art/nemesis/Waterfall tiles.nem" />
      <MapFile type="ASM" filename="../mappings/sprite/obj49.asm" frame="5" startpal="1" />
    </ImageFromMappings>
    <ImageFromMappings id="img4">
      <ArtFile filename="../art/nemesis/Waterfall tiles.nem" />
      <MapFile type="ASM" filename="../mappings/sprite/obj49.asm" frame="6" startpal="1" />
    </ImageFromMappings>
  </Images>
  <Subtypes>
    <Subtype id="00" name="00" image="img1" />
    <Subtype id="02" name="02" image="img2" />
    <Subtype id="04" name="04" image="img3" />
    <Subtype id="05" name="05" image="img4" />
  </Subtypes>
</ObjDef>