<?xml version="1.0" encoding="utf-8"?>
<ObjDef xmlns="http://www.sonicretro.org" Name="Push Spring" Image="Horizontal" DefaultSubtype="10">
  <Images>
    <ImageFromMappings id="Vertical">
      <ArtFile filename="../art/nemesis/Push spring from OOZ.nem" />
      <MapFile type="ASM" filename="../mappings/sprite/obj45.asm" frame="0" startpal="2" />
    </ImageFromMappings>
    <ImageFromMappings id="Horizontal">
      <ArtFile filename="../art/nemesis/Push spring from OOZ.nem" />
      <MapFile type="ASM" filename="../mappings/sprite/obj45.asm" frame="10" startpal="2" />
    </ImageFromMappings>
  </Images>
  <Properties>
    <BitsProperty name="Twirl" type="bool" startbit="0" length="1" />
    <BitsProperty name="Strength" type="Strength" startbit="1" length="1" />
    <BitsProperty name="Layer" type="SpringLayer" startbit="2" length="2" />
    <BitsProperty name="Direction" type="SpringDirection" startbit="4" length="3" />
    <BitsProperty name="KillTransverseSpeed" displayname="Kill Transverse Speed" type="bool" startbit="7" length="1" />
  </Properties>
  <Enums>
    <Enum name="Strength">
      <EnumMember name="Strong" />
      <EnumMember name="Weak" />
    </Enum>
    <Enum name="SpringLayer">
      <EnumMember name="No Change" />
      <EnumMember name="Layer 1" />
      <EnumMember name="Layer 2" />
      <EnumMember name="No Change 2" />
    </Enum>
    <Enum name="SpringDirection">
      <EnumMember name="Vertical" />
      <EnumMember name="Horizontal" />
      <EnumMember name="Invalid 1" />
      <EnumMember name="Invalid 2 (Horizontal)" />
      <EnumMember name="Invalid 3" />
      <EnumMember name="Invalid 4" />
      <EnumMember name="Invalid 5" />
      <EnumMember name="Invalid 6" />
    </Enum>
  </Enums>
  <Display>
    <DisplayOption>
      <Condition property="Direction" value="Vertical" />
      <ImageRef image="Vertical" />
    </DisplayOption>
    <DisplayOption>
      <Condition property="Direction" value="Horizontal" />
      <ImageRef image="Horizontal" />
    </DisplayOption>
  </Display>
</ObjDef>