<?xml version="1.0" encoding="utf-8"?>
<ObjDef xmlns="http://www.sonicretro.org" Name="Pinball Mode" Image="img1" Debug="true">
  <Images>
    <ImageFromMappings id="img1">
      <ArtFile filename="../art/nemesis/Ring.nem" />
      <MapFile type="ASM" filename="../mappings/sprite/obj03.asm" frame="0" startpal="1" />
    </ImageFromMappings>
    <ImageFromMappings id="img2">
      <ArtFile filename="../art/nemesis/Ring.nem" />
      <MapFile type="ASM" filename="../mappings/sprite/obj03.asm" frame="1" startpal="1" />
    </ImageFromMappings>
    <ImageFromMappings id="img3">
      <ArtFile filename="../art/nemesis/Ring.nem" />
      <MapFile type="ASM" filename="../mappings/sprite/obj03.asm" frame="2" startpal="1" />
    </ImageFromMappings>
    <ImageFromMappings id="img4">
      <ArtFile filename="../art/nemesis/Ring.nem" />
      <MapFile type="ASM" filename="../mappings/sprite/obj03.asm" frame="3" startpal="1" />
    </ImageFromMappings>
    <ImageFromMappings id="img5">
      <ArtFile filename="../art/nemesis/Ring.nem" />
      <MapFile type="ASM" filename="../mappings/sprite/obj03.asm" frame="4" startpal="1" />
    </ImageFromMappings>
    <ImageFromMappings id="img6">
      <ArtFile filename="../art/nemesis/Ring.nem" />
      <MapFile type="ASM" filename="../mappings/sprite/obj03.asm" frame="5" startpal="1" />
    </ImageFromMappings>
    <ImageFromMappings id="img7">
      <ArtFile filename="../art/nemesis/Ring.nem" />
      <MapFile type="ASM" filename="../mappings/sprite/obj03.asm" frame="6" startpal="1" />
    </ImageFromMappings>
    <ImageFromMappings id="img8">
      <ArtFile filename="../art/nemesis/Ring.nem" />
      <MapFile type="ASM" filename="../mappings/sprite/obj03.asm" frame="7" startpal="1" />
    </ImageFromMappings>
  </Images>
  <Subtypes>
    <Subtype id="00" name="00" image="img1" />
    <Subtype id="01" name="01" image="img2" />
    <Subtype id="02" name="02" image="img3" />
    <Subtype id="03" name="03" image="img4" />
    <Subtype id="04" name="04" image="img5" />
    <Subtype id="05" name="05" image="img6" />
    <Subtype id="06" name="06" image="img7" />
    <Subtype id="07" name="07" image="img8" />
  </Subtypes>
</ObjDef>