<?xml version="1.0" encoding="utf-8"?>
<ObjDef xmlns="http://www.sonicretro.org" Name="Drawbridge">
  <Images>
    <ImageFromMappings id="log">
      <ArtFile filename="../art/nemesis/Drawbridge logs from MCZ.nem" />
      <MapFile type="ASM" filename="../mappings/sprite/obj81.asm" frame="1" startpal="3" />
    </ImageFromMappings>
  </Images>
  <Properties>
    <BitsProperty name="SwitchID" displayname="Switch ID" type="SwitchID" startbit="0" length="4" />
  </Properties>
  <Enums>
    <Enum name="SwitchID">
      <EnumMember name="Switch 00" />
      <EnumMember name="Switch 01" />
      <EnumMember name="Switch 02" />
      <EnumMember name="Switch 03" />
      <EnumMember name="Switch 04" />
      <EnumMember name="Switch 05" />
      <EnumMember name="Switch 06" />
      <EnumMember name="Switch 07" />
      <EnumMember name="Switch 08" />
      <EnumMember name="Switch 09" />
      <EnumMember name="Switch 0A" />
      <EnumMember name="Switch 0B" />
      <EnumMember name="Switch 0C" />
      <EnumMember name="Switch 0D" />
      <EnumMember name="Switch 0E" />
      <EnumMember name="Switch 0F" />
    </Enum>
  </Enums>
  <DefaultImage>
    <ImageRef image="log">
      <Offset Y="-16" />
    </ImageRef>
    <ImageRef image="log">
      <Offset Y="-32" />
    </ImageRef>
    <ImageRef image="log">
      <Offset Y="-48" />
    </ImageRef>
    <ImageRef image="log">
      <Offset Y="-64" />
    </ImageRef>
    <ImageRef image="log">
      <Offset Y="-80" />
    </ImageRef>
    <ImageRef image="log">
      <Offset Y="-96" />
    </ImageRef>
    <ImageRef image="log">
      <Offset Y="-112" />
    </ImageRef>
    <ImageRef image="log">
      <Offset Y="-128" />
    </ImageRef>
  </DefaultImage>
  <Display>
    <DisplayOption>
    <ImageRef image="log">
      <Offset Y="-16" />
    </ImageRef>
    <ImageRef image="log">
      <Offset Y="-32" />
    </ImageRef>
    <ImageRef image="log">
      <Offset Y="-48" />
    </ImageRef>
    <ImageRef image="log">
      <Offset Y="-64" />
    </ImageRef>
    <ImageRef image="log">
      <Offset Y="-80" />
    </ImageRef>
    <ImageRef image="log">
      <Offset Y="-96" />
    </ImageRef>
    <ImageRef image="log">
      <Offset Y="-112" />
    </ImageRef>
    <ImageRef image="log">
      <Offset Y="-128" />
    </ImageRef>
    </DisplayOption>
  </Display>
</ObjDef>