<?xml version="1.0" encoding="utf-8"?>
<ObjDef xmlns="http://www.sonicretro.org" Name="Invisible Lava Marker" Image="imgsmall" Debug="true">
  <Images>
    <ImageFromMappings id="imgsmall">
      <ArtFile filename="../art/nemesis/Monitor and contents.nem" />
      <MapFile type="ASM" filename="../mappings/sprite/obj31_b.asm" frame="0" startpal="0" />
    </ImageFromMappings>
    <ImageFromMappings id="imgmedium">
      <ArtFile filename="../art/nemesis/Monitor and contents.nem" />
      <MapFile type="ASM" filename="../mappings/sprite/obj31_b.asm" frame="1" startpal="0" />
    </ImageFromMappings>
    <ImageFromMappings id="imglarge">
      <ArtFile filename="../art/nemesis/Monitor and contents.nem" />
      <MapFile type="ASM" filename="../mappings/sprite/obj31_b.asm" frame="2" startpal="0" />
    </ImageFromMappings>
  </Images>
  <Subtypes>
    <Subtype id="00" name="Small" image="imgsmall" />
    <Subtype id="01" name="Medium" image="imgmedium" />
    <Subtype id="02" name="Large" image="imglarge" />
  </Subtypes>
</ObjDef>