<?xml version="1.0" encoding="utf-8"?>
<ObjDef xmlns="http://www.sonicretro.org" Name="Pressure Spring" Image="spring">
  <Images>
    <ImageFromMappings id="spring">
      <ArtFile filename="../art/nemesis/Lever spring.nem" />
      <MapFile type="ASM" filename="../mappings/sprite/obj40.asm" frame="0" startpal="0" />
    </ImageFromMappings>
  </Images>
  <Properties>
    <BitsProperty name="Twirl" type="bool" startbit="0" length="1" />
  </Properties>
  <Display>
    <DisplayOption>
      <ImageRef image="spring" />
    </DisplayOption>
  </Display>
</ObjDef>