<?xml version="1.0" encoding="utf-8"?>
<ObjDef xmlns="http://www.sonicretro.org" Name="Grounder" Image="grounder" RememberState="true" DefaultSubtype="2">
  <Images>
    <ImageFromMappings id="grounder">
      <ArtFile filename="../art/nemesis/Grounder from ARZ.nem" />
      <MapFile type="ASM" filename="../s2.asm" label="word_36D46" startpal="1" />
    </ImageFromMappings>
  </Images>
  <Display>
    <DisplayOption>
      <ImageRef image="grounder" yflip="NeverFlip" />
    </DisplayOption>
  </Display>
</ObjDef>