<?xml version="1.0" encoding="utf-8"?>
<ObjDef xmlns="http://www.sonicretro.org" Name="One-Way Barrier" Image="img4" DefaultSubtype="03">
  <Images>
    <ImageFromMappings id="img1">
      <ArtFile filename="../art/nemesis/One way barrier from ARZ.nem" />
      <MapFile type="ASM" filename="../mappings/sprite/obj2D.asm" frame="0" startpal="1" />
    </ImageFromMappings>
    <ImageFromMappings id="img2">
      <ArtFile filename="../art/nemesis/One way barrier from ARZ.nem" />
      <MapFile type="ASM" filename="../mappings/sprite/obj2D.asm" frame="1" startpal="3" />
    </ImageFromMappings>
    <ImageFromMappings id="img3">
      <ArtFile filename="../art/nemesis/One way barrier from ARZ.nem" />
      <MapFile type="ASM" filename="../mappings/sprite/obj2D.asm" frame="2" startpal="1" />
    </ImageFromMappings>
    <ImageFromMappings id="img4">
      <ArtFile filename="../art/nemesis/One way barrier from ARZ.nem" />
      <MapFile type="ASM" filename="../mappings/sprite/obj2D.asm" frame="3" startpal="1" />
    </ImageFromMappings>
  </Images>
  <Subtypes>
    <Subtype id="00" name="Hill Top" image="img1" />
    <Subtype id="01" name="Metropolis" image="img2" />
    <Subtype id="02" name="Chemical Plant/Death Egg" image="img3" />
    <Subtype id="03" name="Aquatic Ruin" image="img4" />
  </Subtypes>
</ObjDef>