<?xml version="1.0" encoding="utf-8"?>
<ObjDef xmlns="http://www.sonicretro.org" Name="Lift Stake" Image="stakeleft" DefaultSubtype="04">
  <Images>
    <ImageFromMappings id="stakeleft">
      <ArtFile filename="../art/nemesis/HTZ zip-line platform.nem" />
      <MapFile type="ASM" filename="../mappings/sprite/obj16.asm" frame="3" startpal="2" />
    </ImageFromMappings>
    <ImageFromMappings id="stakeright">
      <ArtFile filename="../art/nemesis/HTZ zip-line platform.nem" />
      <MapFile type="ASM" filename="../mappings/sprite/obj16.asm" frame="4" startpal="2" />
    </ImageFromMappings>
    <ImageFromMappings id="groundleft">
      <ArtFile filename="LevelArt" />
      <MapFile type="ASM" filename="../mappings/sprite/obj1C_a.asm" frame="0" startpal="2" />
    </ImageFromMappings>
    <ImageFromMappings id="groundright">
      <ArtFile filename="LevelArt" />
      <MapFile type="ASM" filename="../mappings/sprite/obj1C_a.asm" frame="1" startpal="2" />
    </ImageFromMappings>
  </Images>
  <Subtypes>
    <Subtype id="04" name="Stake (left)" image="stakeleft" />
    <Subtype id="05" name="Stake (right)" image="stakeright" />
    <Subtype id="07" name="Ground edge (left)" image="groundleft" />
    <Subtype id="08" name="Ground edge (right)" image="groundright" />
  </Subtypes>
</ObjDef>