<?xml version="1.0" encoding="utf-8"?>
<ObjDef xmlns="http://www.sonicretro.org" Name="Seesaw" Image="seesaw">
  <Images>
    <ImageFromMappings id="seesaw">
      <ArtFile filename="../art/nemesis/See-saw in HTZ.nem" />
      <MapFile type="ASM" filename="../mappings/sprite/obj14_a.asm" frame="0" startpal="0" />
    </ImageFromMappings>
  </Images>
  <Subtypes>
    <Subtype id="00" name="Seesaw w/ ball" image="seesaw" />
    <Subtype id="FF" name="Seesaw w/out ball (S1 SLZ boss leftover)" image="seesaw" />
  </Subtypes>
</ObjDef>