<?xml version="1.0" encoding="utf-8"?>
<ObjDef xmlns="http://www.sonicretro.org" Name="Moving Stairs" Image="segment">
  <Images>
    <ImageFromMappings id="segment">
      <ArtFile filename="../art/nemesis/Moving block from CPZ.nem" />
      <MapFile type="ASM" filename="../mappings/sprite/obj6B.asm" frame="0" startpal="3" />
    </ImageFromMappings>
  </Images>
  <Subtypes>
    <Subtype id="18" name="Small" image="segment" />
    <Subtype id="19" name="Large" image="segment" />
  </Subtypes>
  <Display>
    <DisplayOption>
      <Condition property="SubType" value="24" />
      <Condition property="YFlip" value="false" />
      <ImageRef image="segment" yflip="NeverFlip">
        <Offset X="16" Y="-16" />
      </ImageRef>
    </DisplayOption>
    <DisplayOption>
      <Condition property="SubType" value="24" />
      <Condition property="YFlip" value="true" />
      <ImageRef image="segment" yflip="NeverFlip">
        <Offset X="-16" Y="16" />
      </ImageRef>
    </DisplayOption>
    <DisplayOption>
      <Condition property="SubType" value="25" />
      <Condition property="XFlip" value="false" />
      <Condition property="YFlip" value="false" />
      <ImageRef image="segment" yflip="NeverFlip">
        <Offset X="16" Y="-16" />
      </ImageRef>
      <ImageRef image="segment" yflip="NeverFlip">
        <Offset X="48" Y="-48" />
      </ImageRef>
    </DisplayOption>
    <DisplayOption>
      <Condition property="SubType" value="25" />
      <Condition property="XFlip" value="false" />
      <Condition property="YFlip" value="true" />
      <ImageRef image="segment" yflip="NeverFlip">
        <Offset X="-16" Y="16" />
      </ImageRef>
      <ImageRef image="segment" yflip="NeverFlip">
        <Offset X="-48" Y="48" />
      </ImageRef>
    </DisplayOption>
    <DisplayOption>
      <Condition property="SubType" value="25" />
      <Condition property="XFlip" value="true" />
      <Condition property="YFlip" value="false" />
      <ImageRef image="segment" yflip="NeverFlip">
        <Offset X="48" Y="-48" />
      </ImageRef>
    </DisplayOption>
    <DisplayOption>
      <Condition property="SubType" value="25" />
      <Condition property="XFlip" value="true" />
      <Condition property="YFlip" value="true" />
      <ImageRef image="segment" yflip="NeverFlip">
        <Offset X="-48" Y="48" />
      </ImageRef>
    </DisplayOption>
  </Display>
</ObjDef>