<?xml version="1.0" encoding="utf-8"?>
<ObjDef xmlns="http://www.sonicretro.org" Name="Platform" Image="large">
  <Images>
    <ImageFromMappings id="large">
      <ArtFile filename="../art/nemesis/Large moving platform from CPZ.nem" />
      <MapFile type="ASM" filename="../mappings/sprite/obj19.asm" frame="0" startpal="3" />
    </ImageFromMappings>
    <ImageFromMappings id="small">
      <ArtFile filename="../art/nemesis/Large moving platform from CPZ.nem" />
      <MapFile type="ASM" filename="../mappings/sprite/obj19.asm" frame="1" startpal="3" />
    </ImageFromMappings>
  </Images>
  <Subtypes>
    <Subtype id="00" name="Large, Horizontal" image="large" />
    <Subtype id="01" name="Large, Horizontal 2" image="large" />
    <Subtype id="02" name="Large, Slow Vertical" image="large" />
    <Subtype id="03" name="Large, Moves Up When Stepped On" image="large" />
    <Subtype id="04" name="Large, Moves Up Automtically" image="large" />
    <Subtype id="05" name="Large, Stationary" image="large" />
    <Subtype id="06" name="Large, Quick Vertical" image="large" />
    <Subtype id="07" name="Large, Quick Vertical 2" image="large" />
    <Subtype id="08" name="Large, Circle 1" image="large" />
    <Subtype id="09" name="Large, Circle 2" image="large" />
    <Subtype id="0A" name="Large, Circle 3" image="large" />
    <Subtype id="0B" name="Large, Circle 4" image="large" />
    <Subtype id="0C" name="Large, Clockwise Circle 1" image="large" />
    <Subtype id="0D" name="Large, Clockwise Circle 2" image="large" />
    <Subtype id="0E" name="Large, Clockwise Circle 3" image="large" />
    <Subtype id="0F" name="Large, Clockwise Circle 4" image="large" />
    <Subtype id="10" name="Small, Horizontal" image="small" />
    <Subtype id="11" name="Small, Horizontal 2" image="small" />
    <Subtype id="12" name="Small, Slow Vertical" image="small" />
    <Subtype id="13" name="Small, Moves Up When Stepped On" image="small" />
    <Subtype id="14" name="Small, Moves Up Automtically" image="small" />
    <Subtype id="15" name="Small, Stationary" image="small" />
    <Subtype id="16" name="Small, Quick Vertical" image="small" />
    <Subtype id="17" name="Small, Quick Vertical 2" image="small" />
    <Subtype id="18" name="Small, Circle 1" image="small" />
    <Subtype id="19" name="Small, Circle 2" image="small" />
    <Subtype id="1A" name="Small, Circle 3" image="small" />
    <Subtype id="1B" name="Small, Circle 4" image="small" />
    <Subtype id="1C" name="Small, Clockwise Circle 1" image="small" />
    <Subtype id="1D" name="Small, Clockwise Circle 2" image="small" />
    <Subtype id="1E" name="Small, Clockwise Circle 3" image="small" />
    <Subtype id="1F" name="Small, Clockwise Circle 4" image="small" />
  </Subtypes>
  <Properties>
    <BitsProperty name="Movement" type="PlatformMovement" startbit="0" length="4" />
    <BitsProperty name="ArtSize" displayname="Art Size" type="ArtSize" startbit="4" length="1" />
  </Properties>
  <Enums>
    <Enum name="PlatformMovement">
      <EnumMember name="Horizontal" />
      <EnumMember name="Horizontal 2" />
      <EnumMember name="Slow Vertical" />
      <EnumMember name="Moves Up When Stepped On" />
      <EnumMember name="Moves Up Automatically" />
      <EnumMember name="Stationary" />
      <EnumMember name="Quick Vertical" />
      <EnumMember name="Quick Vertical 2" />
      <EnumMember name="Circle 1" />
      <EnumMember name="Circle 2" />
      <EnumMember name="Circle 3" />
      <EnumMember name="Circle 4" />
      <EnumMember name="Clockwise Circle 1" />
      <EnumMember name="Clockwise Circle 2" />
      <EnumMember name="Clockwise Circle 3" />
      <EnumMember name="Clockwise Circle 4" />
    </Enum>
    <Enum name="ArtSize">
      <EnumMember name="Large" />
      <EnumMember name="Small" />
    </Enum>
  </Enums>
  <Display>
    <DisplayOption>
      <Condition property="ArtSize" value="Large" />
      <ImageRef image="large" />
    </DisplayOption>
    <DisplayOption>
      <Condition property="ArtSize" value="Small" />
      <ImageRef image="small" />
    </DisplayOption>
  </Display>
</ObjDef>