<?xml version="1.0" encoding="utf-8"?>
<ObjDef xmlns="http://www.sonicretro.org" Name="Section of Pipe" Image="section">
  <Images>
    <ImageFromMappings id="section">
      <ArtFile filename="../art/nemesis/Small yellow moving platform from CPZ.nem" />
      <MapFile type="ASM" filename="../mappings/sprite/obj0B.asm" frame="0" startpal="3" />
    </ImageFromMappings>
  </Images>
  <Properties>
    <BitsProperty name="Delay" type="int" startbit="0" length="4" />
    <BitsProperty name="Duration" type="int" startbit="4" length="4" />
  </Properties>
  <Display>
    <DisplayOption>
      <ImageRef image="section" />
    </DisplayOption>
  </Display>
</ObjDef>