<?xml version="1.0" encoding="utf-8"?>
<ObjDef xmlns="http://www.sonicretro.org" Name="Speed Booster" Image="booster">
  <Images>
    <ImageFromMappings id="booster">
      <ArtFile filename="../art/nemesis/Speed booster from CPZ.nem" />
      <MapFile type="ASM" filename="../mappings/sprite/obj1B.asm" frame="0" startpal="3" />
    </ImageFromMappings>
  </Images>
  <Subtypes>
    <Subtype id="00" name="Fast Booster" image="booster" />
    <Subtype id="02" name="Slow Booster" image="booster" />
  </Subtypes>
  <Properties>
    <BitsProperty name="Speed" type="BoostSpeed" startbit="1" length="1" />
  </Properties>
  <Enums>
    <Enum name="BoostSpeed">
      <EnumMember name="Fast" />
      <EnumMember name="Slow" />
    </Enum>
  </Enums>
</ObjDef>