<?xml version="1.0" encoding="utf-8"?>
<ObjDef xmlns="http://www.sonicretro.org" Name="Stairs" Image="segment">
  <Images>
    <ImageFromMappings id="segment">
      <ArtFile filename="../art/nemesis/Moving block from CPZ.nem" />
      <MapFile type="ASM" filename="../mappings/sprite/obj6B.asm" frame="0" startpal="3" />
    </ImageFromMappings>
  </Images>
  <Subtypes>
    <Subtype id="00" name="Moves down after you stand on it" image="segment" />
    <Subtype id="01" name="Moves down automatically" image="segment" />
    <Subtype id="02" name="Non-moving" image="segment" />
    <Subtype id="04" name="Moves up after you stand on it" image="segment" />
    <Subtype id="05" name="Moves up automatically" image="segment" />
  </Subtypes>
  <Display>
    <DisplayOption>
      <ImageRef image="segment" xflip="NeverFlip" />
      <ImageRef image="segment" xflip="NeverFlip">
        <Offset X="32" />
      </ImageRef>
      <ImageRef image="segment" xflip="NeverFlip">
        <Offset X="64" />
      </ImageRef>
      <ImageRef image="segment" xflip="NeverFlip">
        <Offset X="96" />
      </ImageRef>
    </DisplayOption>
  </Display>
</ObjDef>