<?xml version="1.0" encoding="utf-8"?>
<ObjDef xmlns="http://www.sonicretro.org" Name="Gear">
  <Images>
    <ImageFromMappings id="geartooth1">
      <ArtFile filename="../art/nemesis/Large spinning wheel from MTZ.nem" />
      <MapFile type="ASM" filename="../mappings/sprite/obj70.asm" frame="0" startpal="3" />
    </ImageFromMappings>
    <ImageFromMappings id="geartooth2">
      <ArtFile filename="../art/nemesis/Large spinning wheel from MTZ.nem" />
      <MapFile type="ASM" filename="../mappings/sprite/obj70.asm" frame="4" startpal="3" />
    </ImageFromMappings>
    <ImageFromMappings id="geartooth3">
      <ArtFile filename="../art/nemesis/Large spinning wheel from MTZ.nem" />
      <MapFile type="ASM" filename="../mappings/sprite/obj70.asm" frame="8" startpal="3" />
    </ImageFromMappings>
    <ImageFromMappings id="geartooth4">
      <ArtFile filename="../art/nemesis/Large spinning wheel from MTZ.nem" />
      <MapFile type="ASM" filename="../mappings/sprite/obj70.asm" frame="12" startpal="3" />
    </ImageFromMappings>
    <ImageFromMappings id="geartooth5">
      <ArtFile filename="../art/nemesis/Large spinning wheel from MTZ.nem" />
      <MapFile type="ASM" filename="../mappings/sprite/obj70.asm" frame="16" startpal="3" />
    </ImageFromMappings>
    <ImageFromMappings id="geartooth6">
      <ArtFile filename="../art/nemesis/Large spinning wheel from MTZ.nem" />
      <MapFile type="ASM" filename="../mappings/sprite/obj70.asm" frame="20" startpal="3" />
    </ImageFromMappings>
    <ImageFromMappings id="geartooth7">
      <ArtFile filename="../art/nemesis/Large spinning wheel from MTZ.nem" />
      <MapFile type="ASM" filename="../mappings/sprite/obj70.asm" frame="24" startpal="3" />
    </ImageFromMappings>
    <ImageFromMappings id="geartooth8">
      <ArtFile filename="../art/nemesis/Large spinning wheel from MTZ.nem" />
      <MapFile type="ASM" filename="../mappings/sprite/obj70.asm" frame="28" startpal="3" />
    </ImageFromMappings>
  </Images>
  <DefaultImage>
    <ImageRef image="geartooth1">
      <Offset X="0" Y="-72" />
    </ImageRef>
    <ImageRef image="geartooth2">
      <Offset X="50" Y="-50" />
    </ImageRef>
    <ImageRef image="geartooth3">
      <Offset X="72" Y="0" />
    </ImageRef>
    <ImageRef image="geartooth4">
      <Offset X="50" Y="50" />
    </ImageRef>
    <ImageRef image="geartooth5">
      <Offset X="0" Y="72" />
    </ImageRef>
    <ImageRef image="geartooth6">
      <Offset X="-50" Y="50" />
    </ImageRef>
    <ImageRef image="geartooth7">
      <Offset X="-72" Y="0" />
    </ImageRef>
    <ImageRef image="geartooth8">
      <Offset X="-50" Y="-50" />
    </ImageRef>
  </DefaultImage>
  <Display>
    <DisplayOption>
    <ImageRef image="geartooth1">
      <Offset X="0" Y="-72" />
    </ImageRef>
    <ImageRef image="geartooth2">
      <Offset X="50" Y="-50" />
    </ImageRef>
    <ImageRef image="geartooth3">
      <Offset X="72" Y="0" />
    </ImageRef>
    <ImageRef image="geartooth4">
      <Offset X="50" Y="50" />
    </ImageRef>
    <ImageRef image="geartooth5">
      <Offset X="0" Y="72" />
    </ImageRef>
    <ImageRef image="geartooth6">
      <Offset X="-50" Y="50" />
    </ImageRef>
    <ImageRef image="geartooth7">
      <Offset X="-72" Y="0" />
    </ImageRef>
    <ImageRef image="geartooth8">
      <Offset X="-50" Y="-50" />
    </ImageRef>
    </DisplayOption>
  </Display>
</ObjDef>