<?xml version="1.0" encoding="utf-8"?>
<ObjDef xmlns="http://www.sonicretro.org" Name="Turtleroid" DefaultSubtype="16">
  <Images>
    <ImageFromMappings id="img1">
      <ArtFile filename="../art/nemesis/Turtle badnik from SCZ.nem" />
      <MapFile type="ASM" filename="../mappings/sprite/obj9C.asm" frame="0" startpal="0" />
    </ImageFromMappings>
    <ImageFromMappings id="img2">
      <ArtFile filename="../art/nemesis/Turtle badnik from SCZ.nem" />
      <MapFile type="ASM" filename="../mappings/sprite/obj9C.asm" frame="2" startpal="0" />
    </ImageFromMappings>
  </Images>
  <ImageSets>
    <ImageSet id="img">
	  <ImageRef image="img1" />
	  <ImageRef image="img2">
	    <Offset X="4" Y="-24" />
	  </ImageRef>
	</ImageSet>
  </ImageSets>
  <DefaultImage>
    <ImageSetRef set="img" />
  </DefaultImage>
  <Subtypes>
    <Subtype id="16" name="Default">
	  <ImageSetRef set="img" />
	</Subtype>
  </Subtypes>
</ObjDef>